{
    "1": {
        "0": {
            "mean": 13.744745762711865,
            "stdev": 0.4621253596612943
        },
        "1": {
            "mean": 2.010677966101695,
            "stdev": 0.6885488598764588
        },
        "2": {
            "mean": 2.455593220338983,
            "stdev": 0.22716598205171387
        },
        "3": {
            "mean": 17.03728813559322,
            "stdev": 2.5463224533110727
        },
        "4": {
            "mean": 106.33898305084746,
            "stdev": 10.498949322623579
        },
        "5": {
            "mean": 2.840169491525424,
            "stdev": 0.3389613523154669
        },
        "6": {
            "mean": 2.982372881355932,
            "stdev": 0.3974936086367577
        },
        "7": {
            "mean": 0.29,
            "stdev": 0.07004924376268554
        },
        "8": {
            "mean": 1.899322033898305,
            "stdev": 0.4121092272635884
        },
        "9": {
            "mean": 5.528305084745763,
            "stdev": 1.2385728056814824
        },
        "10": {
            "mean": 1.0620338983050848,
            "stdev": 0.1164826413146811
        },
        "11": {
            "mean": 3.1577966101694916,
            "stdev": 0.35707657730139125
        },
        "12": {
            "mean": 1115.7118644067796,
            "stdev": 221.52076658684322
        }
    },
    "2": {
        "0": {
            "mean": 12.278732394366196,
            "stdev": 0.5379642302964676
        },
        "1": {
            "mean": 1.932676056338028,
            "stdev": 1.0155687467009085
        },
        "2": {
            "mean": 2.2447887323943663,
            "stdev": 0.31546726864369473
        },
        "3": {
            "mean": 20.238028169014086,
            "stdev": 3.349770405658236
        },
        "4": {
            "mean": 94.54929577464789,
            "stdev": 16.75349748764151
        },
        "5": {
            "mean": 2.2588732394366198,
            "stdev": 0.5453610843043734
        },
        "6": {
            "mean": 2.0808450704225354,
            "stdev": 0.7057007590815028
        },
        "7": {
            "mean": 0.3636619718309859,
            "stdev": 0.12396127778601693
        },
        "8": {
            "mean": 1.630281690140845,
            "stdev": 0.6020677983440211
        },
        "9": {
            "mean": 3.086619718309859,
            "stdev": 0.9249292539153959
        },
        "10": {
            "mean": 1.0562816901408452,
            "stdev": 0.20293680811654446
        },
        "11": {
            "mean": 2.7853521126760565,
            "stdev": 0.4965734904204311
        },
        "12": {
            "mean": 519.5070422535211,
            "stdev": 157.2112203592385
        }
    },
    "3": {
        "0": {
            "mean": 13.15375,
            "stdev": 0.5302413139918748
        },
        "1": {
            "mean": 3.33375,
            "stdev": 1.0879057081324806
        },
        "2": {
            "mean": 2.4370833333333333,
            "stdev": 0.18469017568053753
        },
        "3": {
            "mean": 21.416666666666668,
            "stdev": 2.2581609287519444
        },
        "4": {
            "mean": 99.3125,
            "stdev": 10.890472607606213
        },
        "5": {
            "mean": 1.67875,
            "stdev": 0.3569708552380176
        },
        "6": {
            "mean": 0.7814583333333334,
            "stdev": 0.293504065601863
        },
        "7": {
            "mean": 0.4475,
            "stdev": 0.12413959198367111
        },
        "8": {
            "mean": 1.1535416666666667,
            "stdev": 0.408835864601428
        },
        "9": {
            "mean": 7.396249979166667,
            "stdev": 2.3109421491810918
        },
        "10": {
            "mean": 0.6827083333333334,
            "stdev": 0.11444109482348185
        },
        "11": {
            "mean": 1.6835416666666667,
            "stdev": 0.2721114413706684
        },
        "12": {
            "mean": 629.8958333333334,
            "stdev": 115.09704315911695
        }
    }
}